mode,run,frame,characters,workers,batch,cpu_update_ms
sequential,0,0,512,4,32,3.81
sequential,0,1,512,4,32,4.3765
sequential,0,2,512,4,32,3.6761
sequential,0,3,512,4,32,4.0181
sequential,0,4,512,4,32,3.5031
sequential,0,5,512,4,32,4.2964
sequential,0,6,512,4,32,3.5726
sequential,0,7,512,4,32,3.4487
sequential,0,8,512,4,32,3.438
sequential,0,9,512,4,32,3.893
sequential,0,10,512,4,32,3.6621
sequential,0,11,512,4,32,3.4883
sequential,0,12,512,4,32,3.6479
sequential,0,13,512,4,32,3.4998
sequential,0,14,512,4,32,3.5021
sequential,0,15,512,4,32,3.492
sequential,0,16,512,4,32,3.4555
sequential,0,17,512,4,32,3.5391
sequential,0,18,512,4,32,3.8571
sequential,0,19,512,4,32,3.5597
sequential,0,20,512,4,32,3.423
sequential,0,21,512,4,32,3.4341
sequential,0,22,512,4,32,3.4404
sequential,0,23,512,4,32,3.4504
sequential,0,24,512,4,32,3.4179
sequential,0,25,512,4,32,3.4294
sequential,0,26,512,4,32,3.4848
sequential,0,27,512,4,32,3.7869
sequential,0,28,512,4,32,3.5471
sequential,0,29,512,4,32,3.4516
sequential,0,30,512,4,32,3.4444
sequential,0,31,512,4,32,4.0361
sequential,0,32,512,4,32,3.5377
sequential,0,33,512,4,32,3.4617
sequential,0,34,512,4,32,3.4457
sequential,0,35,512,4,32,4.1977
sequential,0,36,512,4,32,3.7768
sequential,0,37,512,4,32,3.9854
sequential,0,38,512,4,32,3.6265
sequential,0,39,512,4,32,3.7651
sequential,0,40,512,4,32,3.5049
sequential,0,41,512,4,32,3.4508
sequential,0,42,512,4,32,3.4413
sequential,0,43,512,4,32,3.4487
sequential,0,44,512,4,32,3.4423
sequential,0,45,512,4,32,3.4137
sequential,0,46,512,4,32,3.4527
sequential,0,47,512,4,32,3.4276
sequential,0,48,512,4,32,3.8303
sequential,0,49,512,4,32,3.5397
sequential,0,50,512,4,32,3.4637
sequential,0,51,512,4,32,3.4351
sequential,0,52,512,4,32,3.7983
sequential,0,53,512,4,32,4.3968
sequential,0,54,512,4,32,3.6859
sequential,0,55,512,4,32,4.0463
sequential,0,56,512,4,32,4.7846
sequential,0,57,512,4,32,3.8477
sequential,0,58,512,4,32,3.9816
sequential,0,59,512,4,32,3.7642
sequential,0,60,512,4,32,4.306
sequential,0,61,512,4,32,3.5024
sequential,0,62,512,4,32,3.4349
sequential,0,63,512,4,32,3.5107
sequential,0,64,512,4,32,3.7582
sequential,0,65,512,4,32,3.8461
sequential,0,66,512,4,32,3.5894
sequential,0,67,512,4,32,3.446
sequential,0,68,512,4,32,3.4564
sequential,0,69,512,4,32,3.421
sequential,0,70,512,4,32,3.4378
sequential,0,71,512,4,32,3.4198
sequential,0,72,512,4,32,3.4167
sequential,0,73,512,4,32,3.4511
sequential,0,74,512,4,32,3.4604
sequential,0,75,512,4,32,3.4152
sequential,0,76,512,4,32,3.4479
sequential,0,77,512,4,32,3.4468
sequential,0,78,512,4,32,3.4236
sequential,0,79,512,4,32,3.4328
sequential,0,80,512,4,32,3.441
sequential,0,81,512,4,32,3.4208
sequential,0,82,512,4,32,3.734
sequential,0,83,512,4,32,3.4498
sequential,0,84,512,4,32,3.4156
sequential,0,85,512,4,32,3.4392
sequential,0,86,512,4,32,3.435
sequential,0,87,512,4,32,3.4647
sequential,0,88,512,4,32,3.418
sequential,0,89,512,4,32,3.42
sequential,0,90,512,4,32,3.4418
sequential,0,91,512,4,32,3.8631
sequential,0,92,512,4,32,3.4999
sequential,0,93,512,4,32,3.47
sequential,0,94,512,4,32,3.4757
sequential,0,95,512,4,32,3.6067
sequential,0,96,512,4,32,3.4801
sequential,0,97,512,4,32,3.4329
sequential,0,98,512,4,32,3.4208
sequential,0,99,512,4,32,3.4131
sequential,0,100,512,4,32,4.577
sequential,0,101,512,4,32,4.0513
sequential,0,102,512,4,32,3.5205
sequential,0,103,512,4,32,3.6967
sequential,0,104,512,4,32,3.6021
sequential,0,105,512,4,32,3.427
sequential,0,106,512,4,32,3.4294
sequential,0,107,512,4,32,3.4427
sequential,0,108,512,4,32,4.0246
sequential,0,109,512,4,32,3.5562
sequential,0,110,512,4,32,3.5157
sequential,0,111,512,4,32,3.4639
sequential,0,112,512,4,32,3.5312
sequential,0,113,512,4,32,3.4301
sequential,0,114,512,4,32,3.4436
sequential,0,115,512,4,32,3.4776
sequential,0,116,512,4,32,4.2592
sequential,0,117,512,4,32,3.5635
sequential,0,118,512,4,32,3.5207
sequential,0,119,512,4,32,3.6718
sequential,0,120,512,4,32,3.8773
sequential,0,121,512,4,32,3.8481
sequential,0,122,512,4,32,3.5114
sequential,0,123,512,4,32,3.4854
sequential,0,124,512,4,32,3.9262
sequential,0,125,512,4,32,3.5132
sequential,0,126,512,4,32,4.0168
sequential,0,127,512,4,32,3.8277
sequential,0,128,512,4,32,4.2831
sequential,0,129,512,4,32,3.6573
sequential,0,130,512,4,32,3.4907
sequential,0,131,512,4,32,3.5076
sequential,0,132,512,4,32,3.4426
sequential,0,133,512,4,32,3.4299
sequential,0,134,512,4,32,3.4293
sequential,0,135,512,4,32,3.4467
sequential,0,136,512,4,32,3.4325
sequential,0,137,512,4,32,3.951
sequential,0,138,512,4,32,3.5244
sequential,0,139,512,4,32,3.4455
sequential,0,140,512,4,32,3.4426
sequential,0,141,512,4,32,3.4306
sequential,0,142,512,4,32,3.4601
sequential,0,143,512,4,32,3.4284
sequential,0,144,512,4,32,3.9134
sequential,0,145,512,4,32,3.7404
sequential,0,146,512,4,32,3.856
sequential,0,147,512,4,32,3.6898
sequential,0,148,512,4,32,3.5039
sequential,0,149,512,4,32,3.5724
sequential,0,150,512,4,32,3.9463
sequential,0,151,512,4,32,3.5839
sequential,0,152,512,4,32,3.5426
sequential,0,153,512,4,32,3.4865
sequential,0,154,512,4,32,4.0316
sequential,0,155,512,4,32,3.5372
sequential,0,156,512,4,32,3.4755
sequential,0,157,512,4,32,3.4489
sequential,0,158,512,4,32,3.6457
sequential,0,159,512,4,32,3.4284
sequential,0,160,512,4,32,3.4459
sequential,0,161,512,4,32,3.4241
sequential,0,162,512,4,32,3.9968
sequential,0,163,512,4,32,3.6136
sequential,0,164,512,4,32,3.4705
sequential,0,165,512,4,32,3.4822
sequential,0,166,512,4,32,3.7421
sequential,0,167,512,4,32,3.8564
sequential,0,168,512,4,32,3.5634
sequential,0,169,512,4,32,3.4949
sequential,0,170,512,4,32,3.4396
sequential,0,171,512,4,32,4.028
sequential,0,172,512,4,32,3.5489
sequential,0,173,512,4,32,3.4677
sequential,0,174,512,4,32,3.4657
sequential,0,175,512,4,32,3.4937
sequential,0,176,512,4,32,3.428
sequential,0,177,512,4,32,3.4106
sequential,0,178,512,4,32,3.4326
sequential,0,179,512,4,32,3.9822
parallel,0,0,512,4,32,0.8805
parallel,0,1,512,4,32,0.9071
parallel,0,2,512,4,32,0.8856
parallel,0,3,512,4,32,0.8819
parallel,0,4,512,4,32,0.9139
parallel,0,5,512,4,32,0.8872
parallel,0,6,512,4,32,0.8926
parallel,0,7,512,4,32,0.8855
parallel,0,8,512,4,32,0.9045
parallel,0,9,512,4,32,0.8844
parallel,0,10,512,4,32,0.8946
parallel,0,11,512,4,32,0.9265
parallel,0,12,512,4,32,0.9183
parallel,0,13,512,4,32,0.9132
parallel,0,14,512,4,32,0.8944
parallel,0,15,512,4,32,0.8907
parallel,0,16,512,4,32,0.8963
parallel,0,17,512,4,32,0.8871
parallel,0,18,512,4,32,0.9589
parallel,0,19,512,4,32,0.9179
parallel,0,20,512,4,32,0.9175
parallel,0,21,512,4,32,0.8916
parallel,0,22,512,4,32,0.8761
parallel,0,23,512,4,32,0.8761
parallel,0,24,512,4,32,0.8776
parallel,0,25,512,4,32,0.9472
parallel,0,26,512,4,32,0.8956
parallel,0,27,512,4,32,0.8949
parallel,0,28,512,4,32,0.8849
parallel,0,29,512,4,32,0.8793
parallel,0,30,512,4,32,0.8788
parallel,0,31,512,4,32,0.8829
parallel,0,32,512,4,32,0.9401
parallel,0,33,512,4,32,0.9085
parallel,0,34,512,4,32,0.9113
parallel,0,35,512,4,32,0.8955
parallel,0,36,512,4,32,0.8868
parallel,0,37,512,4,32,0.8816
parallel,0,38,512,4,32,0.8709
parallel,0,39,512,4,32,0.895
parallel,0,40,512,4,32,0.8785
parallel,0,41,512,4,32,0.8778
parallel,0,42,512,4,32,0.8706
parallel,0,43,512,4,32,0.8834
parallel,0,44,512,4,32,0.8821
parallel,0,45,512,4,32,0.8843
parallel,0,46,512,4,32,0.8752
parallel,0,47,512,4,32,1.0987
parallel,0,48,512,4,32,0.8977
parallel,0,49,512,4,32,0.8993
parallel,0,50,512,4,32,0.8904
parallel,0,51,512,4,32,0.8848
parallel,0,52,512,4,32,0.8942
parallel,0,53,512,4,32,0.922
parallel,0,54,512,4,32,1.1318
parallel,0,55,512,4,32,0.8939
parallel,0,56,512,4,32,0.8823
parallel,0,57,512,4,32,0.8733
parallel,0,58,512,4,32,0.8804
parallel,0,59,512,4,32,0.8791
parallel,0,60,512,4,32,0.9264
parallel,0,61,512,4,32,0.9085
parallel,0,62,512,4,32,0.9035
parallel,0,63,512,4,32,0.8894
parallel,0,64,512,4,32,0.8905
parallel,0,65,512,4,32,0.8862
parallel,0,66,512,4,32,0.8822
parallel,0,67,512,4,32,0.9926
parallel,0,68,512,4,32,0.8985
parallel,0,69,512,4,32,0.903
parallel,0,70,512,4,32,0.8845
parallel,0,71,512,4,32,0.8795
parallel,0,72,512,4,32,0.8745
parallel,0,73,512,4,32,0.8798
parallel,0,74,512,4,32,0.9828
parallel,0,75,512,4,32,0.9024
parallel,0,76,512,4,32,0.8923
parallel,0,77,512,4,32,0.8978
parallel,0,78,512,4,32,0.8918
parallel,0,79,512,4,32,0.8868
parallel,0,80,512,4,32,0.8901
parallel,0,81,512,4,32,0.9175
parallel,0,82,512,4,32,0.9025
parallel,0,83,512,4,32,0.9033
parallel,0,84,512,4,32,0.8918
parallel,0,85,512,4,32,0.8902
parallel,0,86,512,4,32,1.1482
parallel,0,87,512,4,32,0.8988
parallel,0,88,512,4,32,0.9291
parallel,0,89,512,4,32,0.8899
parallel,0,90,512,4,32,0.885
parallel,0,91,512,4,32,0.8895
parallel,0,92,512,4,32,0.8909
parallel,0,93,512,4,32,0.8806
parallel,0,94,512,4,32,0.9379
parallel,0,95,512,4,32,0.93
parallel,0,96,512,4,32,0.9127
parallel,0,97,512,4,32,0.9146
parallel,0,98,512,4,32,0.9116
parallel,0,99,512,4,32,0.8988
parallel,0,100,512,4,32,0.8829
parallel,0,101,512,4,32,0.8878
parallel,0,102,512,4,32,0.8968
parallel,0,103,512,4,32,0.9138
parallel,0,104,512,4,32,0.8961
parallel,0,105,512,4,32,0.8929
parallel,0,106,512,4,32,0.8923
parallel,0,107,512,4,32,0.883
parallel,0,108,512,4,32,0.8905
parallel,0,109,512,4,32,0.906
parallel,0,110,512,4,32,0.8851
parallel,0,111,512,4,32,0.8877
parallel,0,112,512,4,32,0.8762
parallel,0,113,512,4,32,0.8836
parallel,0,114,512,4,32,0.8739
parallel,0,115,512,4,32,0.884
parallel,0,116,512,4,32,0.8743
parallel,0,117,512,4,32,0.9686
parallel,0,118,512,4,32,0.8956
parallel,0,119,512,4,32,0.9132
parallel,0,120,512,4,32,0.9148
parallel,0,121,512,4,32,0.9174
parallel,0,122,512,4,32,0.8984
parallel,0,123,512,4,32,0.8865
parallel,0,124,512,4,32,1.137
parallel,0,125,512,4,32,0.9497
parallel,0,126,512,4,32,0.9202
parallel,0,127,512,4,32,0.8934
parallel,0,128,512,4,32,0.8976
parallel,0,129,512,4,32,0.8925
parallel,0,130,512,4,32,0.932
parallel,0,131,512,4,32,0.8924
parallel,0,132,512,4,32,0.8947
parallel,0,133,512,4,32,0.9047
parallel,0,134,512,4,32,0.8924
parallel,0,135,512,4,32,0.9079
parallel,0,136,512,4,32,0.8951
parallel,0,137,512,4,32,0.9999
parallel,0,138,512,4,32,0.8927
parallel,0,139,512,4,32,0.8815
parallel,0,140,512,4,32,0.8869
parallel,0,141,512,4,32,0.8907
parallel,0,142,512,4,32,0.8907
parallel,0,143,512,4,32,0.8958
parallel,0,144,512,4,32,0.9025
parallel,0,145,512,4,32,0.8909
parallel,0,146,512,4,32,0.8925
parallel,0,147,512,4,32,0.8952
parallel,0,148,512,4,32,0.9026
parallel,0,149,512,4,32,0.8936
parallel,0,150,512,4,32,0.8894
parallel,0,151,512,4,32,0.8924
parallel,0,152,512,4,32,0.8926
parallel,0,153,512,4,32,0.9543
parallel,0,154,512,4,32,0.8995
parallel,0,155,512,4,32,0.898
parallel,0,156,512,4,32,0.8957
parallel,0,157,512,4,32,0.8929
parallel,0,158,512,4,32,0.913
parallel,0,159,512,4,32,0.9067
parallel,0,160,512,4,32,0.8995
parallel,0,161,512,4,32,0.8929
parallel,0,162,512,4,32,0.8961
parallel,0,163,512,4,32,0.8815
parallel,0,164,512,4,32,0.8898
parallel,0,165,512,4,32,0.8867
parallel,0,166,512,4,32,0.9762
parallel,0,167,512,4,32,0.8976
parallel,0,168,512,4,32,0.8865
parallel,0,169,512,4,32,0.8855
parallel,0,170,512,4,32,0.9292
parallel,0,171,512,4,32,0.9085
parallel,0,172,512,4,32,0.8958
parallel,0,173,512,4,32,0.8902
parallel,0,174,512,4,32,0.8751
parallel,0,175,512,4,32,0.8752
parallel,0,176,512,4,32,0.9951
parallel,0,177,512,4,32,0.8866
parallel,0,178,512,4,32,0.8852
parallel,0,179,512,4,32,0.8889
parallel,1,0,512,4,32,0.9214
parallel,1,1,512,4,32,0.9002
parallel,1,2,512,4,32,0.8976
parallel,1,3,512,4,32,0.9035
parallel,1,4,512,4,32,0.8828
parallel,1,5,512,4,32,0.8906
parallel,1,6,512,4,32,0.8847
parallel,1,7,512,4,32,0.906
parallel,1,8,512,4,32,0.8909
parallel,1,9,512,4,32,0.8812
parallel,1,10,512,4,32,0.8886
parallel,1,11,512,4,32,0.9104
parallel,1,12,512,4,32,0.9316
parallel,1,13,512,4,32,0.8878
parallel,1,14,512,4,32,0.8931
parallel,1,15,512,4,32,0.8876
parallel,1,16,512,4,32,0.8853
parallel,1,17,512,4,32,0.8974
parallel,1,18,512,4,32,0.8809
parallel,1,19,512,4,32,1.0073
parallel,1,20,512,4,32,0.8846
parallel,1,21,512,4,32,0.8887
parallel,1,22,512,4,32,0.882
parallel,1,23,512,4,32,0.8855
parallel,1,24,512,4,32,0.8843
parallel,1,25,512,4,32,0.871
parallel,1,26,512,4,32,1.0316
parallel,1,27,512,4,32,0.9016
parallel,1,28,512,4,32,0.928
parallel,1,29,512,4,32,0.8884
parallel,1,30,512,4,32,0.8844
parallel,1,31,512,4,32,0.8845
parallel,1,32,512,4,32,0.8763
parallel,1,33,512,4,32,1.0927
parallel,1,34,512,4,32,0.9034
parallel,1,35,512,4,32,0.9115
parallel,1,36,512,4,32,0.8962
parallel,1,37,512,4,32,0.8922
parallel,1,38,512,4,32,0.8796
parallel,1,39,512,4,32,0.9208
parallel,1,40,512,4,32,0.9729
parallel,1,41,512,4,32,0.8834
parallel,1,42,512,4,32,0.8825
parallel,1,43,512,4,32,0.8878
parallel,1,44,512,4,32,0.8963
parallel,1,45,512,4,32,0.9009
parallel,1,46,512,4,32,0.8914
parallel,1,47,512,4,32,0.9989
parallel,1,48,512,4,32,0.8874
parallel,1,49,512,4,32,0.8994
parallel,1,50,512,4,32,0.8731
parallel,1,51,512,4,32,0.881
parallel,1,52,512,4,32,0.8717
parallel,1,53,512,4,32,0.8727
parallel,1,54,512,4,32,1.1351
parallel,1,55,512,4,32,0.8967
parallel,1,56,512,4,32,0.9058
parallel,1,57,512,4,32,0.8937
parallel,1,58,512,4,32,0.8933
parallel,1,59,512,4,32,0.8793
parallel,1,60,512,4,32,0.8842
parallel,1,61,512,4,32,0.9333
parallel,1,62,512,4,32,0.9032
parallel,1,63,512,4,32,0.893
parallel,1,64,512,4,32,0.8857
parallel,1,65,512,4,32,0.8805
parallel,1,66,512,4,32,0.8808
parallel,1,67,512,4,32,0.8741
parallel,1,68,512,4,32,1.1844
parallel,1,69,512,4,32,0.8962
parallel,1,70,512,4,32,0.8757
parallel,1,71,512,4,32,0.8823
parallel,1,72,512,4,32,0.8787
parallel,1,73,512,4,32,0.8865
parallel,1,74,512,4,32,0.8959
parallel,1,75,512,4,32,1.0389
parallel,1,76,512,4,32,0.9101
parallel,1,77,512,4,32,0.8986
parallel,1,78,512,4,32,0.909
parallel,1,79,512,4,32,0.8967
parallel,1,80,512,4,32,0.8824
parallel,1,81,512,4,32,0.9064
parallel,1,82,512,4,32,0.9015
parallel,1,83,512,4,32,0.8869
parallel,1,84,512,4,32,0.8919
parallel,1,85,512,4,32,0.8908
parallel,1,86,512,4,32,0.8784
parallel,1,87,512,4,32,0.8787
parallel,1,88,512,4,32,0.9188
parallel,1,89,512,4,32,0.9402
parallel,1,90,512,4,32,0.9169
parallel,1,91,512,4,32,0.8994
parallel,1,92,512,4,32,0.8953
parallel,1,93,512,4,32,0.8894
parallel,1,94,512,4,32,0.8862
parallel,1,95,512,4,32,0.8869
parallel,1,96,512,4,32,0.8972
parallel,1,97,512,4,32,0.898
parallel,1,98,512,4,32,0.8927
parallel,1,99,512,4,32,0.8938
parallel,1,100,512,4,32,0.8874
parallel,1,101,512,4,32,0.8782
parallel,1,102,512,4,32,0.8735
parallel,1,103,512,4,32,1.1335
parallel,1,104,512,4,32,0.8948
parallel,1,105,512,4,32,0.8823
parallel,1,106,512,4,32,0.8775
parallel,1,107,512,4,32,0.8724
parallel,1,108,512,4,32,0.8709
parallel,1,109,512,4,32,0.8681
parallel,1,110,512,4,32,0.9973
parallel,1,111,512,4,32,0.908
parallel,1,112,512,4,32,0.9234
parallel,1,113,512,4,32,0.8891
parallel,1,114,512,4,32,0.8797
parallel,1,115,512,4,32,0.871
parallel,1,116,512,4,32,0.8878
parallel,1,117,512,4,32,1.1323
parallel,1,118,512,4,32,0.9175
parallel,1,119,512,4,32,0.8967
parallel,1,120,512,4,32,0.8893
parallel,1,121,512,4,32,0.8842
parallel,1,122,512,4,32,0.8959
parallel,1,123,512,4,32,0.918
parallel,1,124,512,4,32,1.1799
parallel,1,125,512,4,32,0.8945
parallel,1,126,512,4,32,0.8912
parallel,1,127,512,4,32,0.8899
parallel,1,128,512,4,32,0.9465
parallel,1,129,512,4,32,0.902
parallel,1,130,512,4,32,0.9347
parallel,1,131,512,4,32,0.8975
parallel,1,132,512,4,32,0.9006
parallel,1,133,512,4,32,0.8741
parallel,1,134,512,4,32,0.8833
parallel,1,135,512,4,32,0.8805
parallel,1,136,512,4,32,0.9207
parallel,1,137,512,4,32,0.9173
parallel,1,138,512,4,32,0.9044
parallel,1,139,512,4,32,0.8994
parallel,1,140,512,4,32,0.8865
parallel,1,141,512,4,32,0.8933
parallel,1,142,512,4,32,0.8936
parallel,1,143,512,4,32,0.875
parallel,1,144,512,4,32,0.918
parallel,1,145,512,4,32,0.9544
parallel,1,146,512,4,32,0.8992
parallel,1,147,512,4,32,0.8888
parallel,1,148,512,4,32,0.8881
parallel,1,149,512,4,32,0.8822
parallel,1,150,512,4,32,0.8822
parallel,1,151,512,4,32,0.8951
parallel,1,152,512,4,32,0.9031
parallel,1,153,512,4,32,0.9113
parallel,1,154,512,4,32,0.8998
parallel,1,155,512,4,32,0.8935
parallel,1,156,512,4,32,0.8878
parallel,1,157,512,4,32,0.884
parallel,1,158,512,4,32,0.8822
parallel,1,159,512,4,32,1.1124
parallel,1,160,512,4,32,0.8935
parallel,1,161,512,4,32,0.9127
parallel,1,162,512,4,32,0.9382
parallel,1,163,512,4,32,0.9166
parallel,1,164,512,4,32,0.9098
parallel,1,165,512,4,32,0.9171
parallel,1,166,512,4,32,0.9118
parallel,1,167,512,4,32,0.9071
parallel,1,168,512,4,32,0.8947
parallel,1,169,512,4,32,0.8829
parallel,1,170,512,4,32,0.8764
parallel,1,171,512,4,32,0.8777
parallel,1,172,512,4,32,0.9062
parallel,1,173,512,4,32,0.8834
parallel,1,174,512,4,32,0.8966
parallel,1,175,512,4,32,0.8928
parallel,1,176,512,4,32,0.8917
parallel,1,177,512,4,32,0.8867
parallel,1,178,512,4,32,0.8834
parallel,1,179,512,4,32,0.9617
sequential,1,0,512,4,32,3.7873
sequential,1,1,512,4,32,3.487
sequential,1,2,512,4,32,3.5278
sequential,1,3,512,4,32,4.1272
sequential,1,4,512,4,32,3.6531
sequential,1,5,512,4,32,3.4859
sequential,1,6,512,4,32,3.4513
sequential,1,7,512,4,32,3.4831
sequential,1,8,512,4,32,3.4326
sequential,1,9,512,4,32,3.467
sequential,1,10,512,4,32,3.4171
sequential,1,11,512,4,32,3.4937
sequential,1,12,512,4,32,3.9275
sequential,1,13,512,4,32,3.6133
sequential,1,14,512,4,32,3.6045
sequential,1,15,512,4,32,3.6077
sequential,1,16,512,4,32,4.2139
sequential,1,17,512,4,32,4.228
sequential,1,18,512,4,32,3.7323
sequential,1,19,512,4,32,3.8921
sequential,1,20,512,4,32,4.1423
sequential,1,21,512,4,32,3.5237
sequential,1,22,512,4,32,3.4593
sequential,1,23,512,4,32,3.5458
sequential,1,24,512,4,32,4.0504
sequential,1,25,512,4,32,3.515
sequential,1,26,512,4,32,3.4618
sequential,1,27,512,4,32,3.4475
sequential,1,28,512,4,32,4.0768
sequential,1,29,512,4,32,3.564
sequential,1,30,512,4,32,3.4828
sequential,1,31,512,4,32,3.4713
sequential,1,32,512,4,32,3.4585
sequential,1,33,512,4,32,3.4486
sequential,1,34,512,4,32,3.4194
sequential,1,35,512,4,32,3.4167
sequential,1,36,512,4,32,3.4405
sequential,1,37,512,4,32,3.4332
sequential,1,38,512,4,32,3.4138
sequential,1,39,512,4,32,3.426
sequential,1,40,512,4,32,3.4152
sequential,1,41,512,4,32,3.8668
sequential,1,42,512,4,32,3.4968
sequential,1,43,512,4,32,3.4441
sequential,1,44,512,4,32,3.4483
sequential,1,45,512,4,32,3.4361
sequential,1,46,512,4,32,3.4358
sequential,1,47,512,4,32,3.4161
sequential,1,48,512,4,32,3.4898
sequential,1,49,512,4,32,3.4174
sequential,1,50,512,4,32,3.5235
sequential,1,51,512,4,32,3.4201
sequential,1,52,512,4,32,3.4156
sequential,1,53,512,4,32,4.037
sequential,1,54,512,4,32,4.0044
sequential,1,55,512,4,32,3.55
sequential,1,56,512,4,32,3.4542
sequential,1,57,512,4,32,3.4519
sequential,1,58,512,4,32,3.5468
sequential,1,59,512,4,32,3.463
sequential,1,60,512,4,32,3.4241
sequential,1,61,512,4,32,3.4559
sequential,1,62,512,4,32,3.4285
sequential,1,63,512,4,32,3.8001
sequential,1,64,512,4,32,4.2024
sequential,1,65,512,4,32,3.6734
sequential,1,66,512,4,32,3.8773
sequential,1,67,512,4,32,4.3772
sequential,1,68,512,4,32,3.5172
sequential,1,69,512,4,32,3.4835
sequential,1,70,512,4,32,3.4443
sequential,1,71,512,4,32,4.1636
sequential,1,72,512,4,32,3.534
sequential,1,73,512,4,32,3.7766
sequential,1,74,512,4,32,3.599
sequential,1,75,512,4,32,3.7649
sequential,1,76,512,4,32,3.7794
sequential,1,77,512,4,32,3.4619
sequential,1,78,512,4,32,3.4999
sequential,1,79,512,4,32,3.9487
sequential,1,80,512,4,32,3.6914
sequential,1,81,512,4,32,3.4865
sequential,1,82,512,4,32,3.4817
sequential,1,83,512,4,32,4.036
sequential,1,84,512,4,32,3.793
sequential,1,85,512,4,32,4.0948
sequential,1,86,512,4,32,3.5262
sequential,1,87,512,4,32,4.4391
sequential,1,88,512,4,32,3.5684
sequential,1,89,512,4,32,3.4418
sequential,1,90,512,4,32,3.4504
sequential,1,91,512,4,32,3.4916
sequential,1,92,512,4,32,3.4733
sequential,1,93,512,4,32,3.4156
sequential,1,94,512,4,32,3.4371
sequential,1,95,512,4,32,3.4555
sequential,1,96,512,4,32,3.4949
sequential,1,97,512,4,32,3.6556
sequential,1,98,512,4,32,3.4358
sequential,1,99,512,4,32,3.4586
sequential,1,100,512,4,32,3.4387
sequential,1,101,512,4,32,3.4631
sequential,1,102,512,4,32,3.4285
sequential,1,103,512,4,32,3.4762
sequential,1,104,512,4,32,3.7925
sequential,1,105,512,4,32,3.8871
sequential,1,106,512,4,32,3.673
sequential,1,107,512,4,32,3.6704
sequential,1,108,512,4,32,4.005
sequential,1,109,512,4,32,3.5062
sequential,1,110,512,4,32,3.4828
sequential,1,111,512,4,32,3.4459
sequential,1,112,512,4,32,3.4915
sequential,1,113,512,4,32,3.4185
sequential,1,114,512,4,32,3.428
sequential,1,115,512,4,32,3.9249
sequential,1,116,512,4,32,4.3063
sequential,1,117,512,4,32,3.9391
sequential,1,118,512,4,32,3.7913
sequential,1,119,512,4,32,4.0206
sequential,1,120,512,4,32,4.0495
sequential,1,121,512,4,32,3.4945
sequential,1,122,512,4,32,3.8877
sequential,1,123,512,4,32,3.8712
sequential,1,124,512,4,32,4.2129
sequential,1,125,512,4,32,3.8302
sequential,1,126,512,4,32,3.5023
sequential,1,127,512,4,32,3.6154
sequential,1,128,512,4,32,3.5317
sequential,1,129,512,4,32,3.557
sequential,1,130,512,4,32,3.7375
sequential,1,131,512,4,32,3.7402
sequential,1,132,512,4,32,4.0177
sequential,1,133,512,4,32,3.4915
sequential,1,134,512,4,32,3.5971
sequential,1,135,512,4,32,3.4355
sequential,1,136,512,4,32,3.722
sequential,1,137,512,4,32,3.5536
sequential,1,138,512,4,32,3.6179
sequential,1,139,512,4,32,3.5799
sequential,1,140,512,4,32,3.6871
sequential,1,141,512,4,32,3.8251
sequential,1,142,512,4,32,3.4278
sequential,1,143,512,4,32,3.4528
sequential,1,144,512,4,32,3.4193
sequential,1,145,512,4,32,3.9607
sequential,1,146,512,4,32,3.6351
sequential,1,147,512,4,32,3.5503
sequential,1,148,512,4,32,3.5383
sequential,1,149,512,4,32,3.9345
sequential,1,150,512,4,32,3.7211
sequential,1,151,512,4,32,3.46
sequential,1,152,512,4,32,3.5343
sequential,1,153,512,4,32,3.4656
sequential,1,154,512,4,32,3.5688
sequential,1,155,512,4,32,3.4749
sequential,1,156,512,4,32,3.4235
sequential,1,157,512,4,32,3.4357
sequential,1,158,512,4,32,3.856
sequential,1,159,512,4,32,3.9561
sequential,1,160,512,4,32,3.6589
sequential,1,161,512,4,32,3.8654
sequential,1,162,512,4,32,4.2124
sequential,1,163,512,4,32,3.4867
sequential,1,164,512,4,32,3.507
sequential,1,165,512,4,32,3.451
sequential,1,166,512,4,32,3.8884
sequential,1,167,512,4,32,3.6357
sequential,1,168,512,4,32,3.4758
sequential,1,169,512,4,32,4.3073
sequential,1,170,512,4,32,3.9011
sequential,1,171,512,4,32,3.6957
sequential,1,172,512,4,32,3.4891
sequential,1,173,512,4,32,3.4546
sequential,1,174,512,4,32,3.5557
sequential,1,175,512,4,32,3.4806
sequential,1,176,512,4,32,3.5642
sequential,1,177,512,4,32,3.4809
sequential,1,178,512,4,32,4.133
sequential,1,179,512,4,32,3.502
sequential,2,0,512,4,32,3.4702
sequential,2,1,512,4,32,3.4285
sequential,2,2,512,4,32,3.775
sequential,2,3,512,4,32,3.4655
sequential,2,4,512,4,32,3.4302
sequential,2,5,512,4,32,3.4176
sequential,2,6,512,4,32,3.9204
sequential,2,7,512,4,32,3.5211
sequential,2,8,512,4,32,3.4881
sequential,2,9,512,4,32,3.4841
sequential,2,10,512,4,32,3.4552
sequential,2,11,512,4,32,3.5037
sequential,2,12,512,4,32,3.43
sequential,2,13,512,4,32,3.9493
sequential,2,14,512,4,32,3.8296
sequential,2,15,512,4,32,4.0231
sequential,2,16,512,4,32,3.6074
sequential,2,17,512,4,32,3.4946
sequential,2,18,512,4,32,3.4695
sequential,2,19,512,4,32,3.8465
sequential,2,20,512,4,32,3.5119
sequential,2,21,512,4,32,3.4621
sequential,2,22,512,4,32,3.4793
sequential,2,23,512,4,32,3.4386
sequential,2,24,512,4,32,3.4139
sequential,2,25,512,4,32,3.4185
sequential,2,26,512,4,32,3.4112
sequential,2,27,512,4,32,3.588
sequential,2,28,512,4,32,3.7653
sequential,2,29,512,4,32,3.4982
sequential,2,30,512,4,32,3.4163
sequential,2,31,512,4,32,4.0633
sequential,2,32,512,4,32,3.9486
sequential,2,33,512,4,32,3.6217
sequential,2,34,512,4,32,3.7756
sequential,2,35,512,4,32,3.7069
sequential,2,36,512,4,32,3.684
sequential,2,37,512,4,32,3.5361
sequential,2,38,512,4,32,3.4355
sequential,2,39,512,4,32,3.4232
sequential,2,40,512,4,32,4.012
sequential,2,41,512,4,32,3.5348
sequential,2,42,512,4,32,3.4415
sequential,2,43,512,4,32,3.486
sequential,2,44,512,4,32,3.4685
sequential,2,45,512,4,32,3.4264
sequential,2,46,512,4,32,3.4115
sequential,2,47,512,4,32,3.4352
sequential,2,48,512,4,32,3.9117
sequential,2,49,512,4,32,3.8217
sequential,2,50,512,4,32,4.101
sequential,2,51,512,4,32,3.5142
sequential,2,52,512,4,32,4.2551
sequential,2,53,512,4,32,3.5589
sequential,2,54,512,4,32,3.4763
sequential,2,55,512,4,32,3.4469
sequential,2,56,512,4,32,3.4534
sequential,2,57,512,4,32,3.4443
sequential,2,58,512,4,32,3.8206
sequential,2,59,512,4,32,4.027
sequential,2,60,512,4,32,3.5453
sequential,2,61,512,4,32,3.7628
sequential,2,62,512,4,32,3.4789
sequential,2,63,512,4,32,3.4195
sequential,2,64,512,4,32,3.45
sequential,2,65,512,4,32,3.7574
sequential,2,66,512,4,32,3.4932
sequential,2,67,512,4,32,3.7717
sequential,2,68,512,4,32,3.9312
sequential,2,69,512,4,32,4.3617
sequential,2,70,512,4,32,3.5238
sequential,2,71,512,4,32,3.7392
sequential,2,72,512,4,32,3.6673
sequential,2,73,512,4,32,3.6467
sequential,2,74,512,4,32,3.5086
sequential,2,75,512,4,32,3.5599
sequential,2,76,512,4,32,3.6263
sequential,2,77,512,4,32,3.6308
sequential,2,78,512,4,32,3.544
sequential,2,79,512,4,32,3.5222
sequential,2,80,512,4,32,3.5641
sequential,2,81,512,4,32,3.5255
sequential,2,82,512,4,32,3.5566
sequential,2,83,512,4,32,3.4241
sequential,2,84,512,4,32,3.5281
sequential,2,85,512,4,32,4.1871
sequential,2,86,512,4,32,3.8564
sequential,2,87,512,4,32,4.7747
sequential,2,88,512,4,32,4.8758
sequential,2,89,512,4,32,4.3965
sequential,2,90,512,4,32,3.7004
sequential,2,91,512,4,32,3.5451
sequential,2,92,512,4,32,3.482
sequential,2,93,512,4,32,3.6962
sequential,2,94,512,4,32,3.7853
sequential,2,95,512,4,32,3.6998
sequential,2,96,512,4,32,3.4492
sequential,2,97,512,4,32,3.4565
sequential,2,98,512,4,32,3.424
sequential,2,99,512,4,32,3.4811
sequential,2,100,512,4,32,3.4687
sequential,2,101,512,4,32,3.4229
sequential,2,102,512,4,32,3.8553
sequential,2,103,512,4,32,3.5391
sequential,2,104,512,4,32,4.4543
sequential,2,105,512,4,32,3.5588
sequential,2,106,512,4,32,4.675
sequential,2,107,512,4,32,3.5556
sequential,2,108,512,4,32,3.5012
sequential,2,109,512,4,32,3.4968
sequential,2,110,512,4,32,3.5164
sequential,2,111,512,4,32,3.4959
sequential,2,112,512,4,32,3.4202
sequential,2,113,512,4,32,4.1309
sequential,2,114,512,4,32,3.8673
sequential,2,115,512,4,32,3.7089
sequential,2,116,512,4,32,3.4912
sequential,2,117,512,4,32,3.4486
sequential,2,118,512,4,32,3.5919
sequential,2,119,512,4,32,3.4241
sequential,2,120,512,4,32,3.4871
sequential,2,121,512,4,32,3.4282
sequential,2,122,512,4,32,3.4707
sequential,2,123,512,4,32,3.462
sequential,2,124,512,4,32,3.4223
sequential,2,125,512,4,32,3.4246
sequential,2,126,512,4,32,3.4199
sequential,2,127,512,4,32,3.8184
sequential,2,128,512,4,32,3.7277
sequential,2,129,512,4,32,3.5062
sequential,2,130,512,4,32,3.938
sequential,2,131,512,4,32,3.8085
sequential,2,132,512,4,32,4.034
sequential,2,133,512,4,32,4.0665
sequential,2,134,512,4,32,4.1318
sequential,2,135,512,4,32,4.1427
sequential,2,136,512,4,32,3.5152
sequential,2,137,512,4,32,3.5117
sequential,2,138,512,4,32,3.4682
sequential,2,139,512,4,32,3.9429
sequential,2,140,512,4,32,3.5436
sequential,2,141,512,4,32,3.4453
sequential,2,142,512,4,32,3.4474
sequential,2,143,512,4,32,3.6401
sequential,2,144,512,4,32,3.8222
sequential,2,145,512,4,32,3.6141
sequential,2,146,512,4,32,3.671
sequential,2,147,512,4,32,3.4929
sequential,2,148,512,4,32,3.619
sequential,2,149,512,4,32,3.5695
sequential,2,150,512,4,32,3.5803
sequential,2,151,512,4,32,3.5141
sequential,2,152,512,4,32,4.154
sequential,2,153,512,4,32,3.5769
sequential,2,154,512,4,32,3.4553
sequential,2,155,512,4,32,3.4982
sequential,2,156,512,4,32,3.5044
sequential,2,157,512,4,32,3.5151
sequential,2,158,512,4,32,4.2391
sequential,2,159,512,4,32,3.8416
sequential,2,160,512,4,32,3.9329
sequential,2,161,512,4,32,3.4813
sequential,2,162,512,4,32,3.467
sequential,2,163,512,4,32,3.4265
sequential,2,164,512,4,32,3.8491
sequential,2,165,512,4,32,3.6395
sequential,2,166,512,4,32,3.5265
sequential,2,167,512,4,32,3.7734
sequential,2,168,512,4,32,3.9606
sequential,2,169,512,4,32,3.9755
sequential,2,170,512,4,32,3.479
sequential,2,171,512,4,32,3.5165
sequential,2,172,512,4,32,3.4365
sequential,2,173,512,4,32,4.2774
sequential,2,174,512,4,32,4.2024
sequential,2,175,512,4,32,3.9713
sequential,2,176,512,4,32,4.384
sequential,2,177,512,4,32,3.8162
sequential,2,178,512,4,32,3.4923
sequential,2,179,512,4,32,3.4695
parallel,2,0,512,4,32,0.887
parallel,2,1,512,4,32,0.9258
parallel,2,2,512,4,32,0.9843
parallel,2,3,512,4,32,0.8908
parallel,2,4,512,4,32,0.8848
parallel,2,5,512,4,32,0.8896
parallel,2,6,512,4,32,0.8865
parallel,2,7,512,4,32,0.8794
parallel,2,8,512,4,32,0.9025
parallel,2,9,512,4,32,0.9123
parallel,2,10,512,4,32,0.8917
parallel,2,11,512,4,32,0.8954
parallel,2,12,512,4,32,0.8895
parallel,2,13,512,4,32,0.8739
parallel,2,14,512,4,32,0.8788
parallel,2,15,512,4,32,0.931
parallel,2,16,512,4,32,0.9423
parallel,2,17,512,4,32,0.8993
parallel,2,18,512,4,32,0.8917
parallel,2,19,512,4,32,0.8774
parallel,2,20,512,4,32,0.877
parallel,2,21,512,4,32,0.8716
parallel,2,22,512,4,32,0.8748
parallel,2,23,512,4,32,0.9524
parallel,2,24,512,4,32,0.8821
parallel,2,25,512,4,32,0.8877
parallel,2,26,512,4,32,0.8928
parallel,2,27,512,4,32,0.9102
parallel,2,28,512,4,32,0.9022
parallel,2,29,512,4,32,0.9035
parallel,2,30,512,4,32,1.0834
parallel,2,31,512,4,32,0.9406
parallel,2,32,512,4,32,0.9107
parallel,2,33,512,4,32,1.1738
parallel,2,34,512,4,32,0.9355
parallel,2,35,512,4,32,0.9102
parallel,2,36,512,4,32,1.0149
parallel,2,37,512,4,32,0.9099
parallel,2,38,512,4,32,0.9065
parallel,2,39,512,4,32,0.9006
parallel,2,40,512,4,32,0.9213
parallel,2,41,512,4,32,0.9073
parallel,2,42,512,4,32,0.9005
parallel,2,43,512,4,32,0.9877
parallel,2,44,512,4,32,0.9022
parallel,2,45,512,4,32,0.9032
parallel,2,46,512,4,32,0.889
parallel,2,47,512,4,32,0.8761
parallel,2,48,512,4,32,0.8693
parallel,2,49,512,4,32,0.8735
parallel,2,50,512,4,32,0.9601
parallel,2,51,512,4,32,0.9037
parallel,2,52,512,4,32,0.8978
parallel,2,53,512,4,32,0.8876
parallel,2,54,512,4,32,0.8821
parallel,2,55,512,4,32,0.916
parallel,2,56,512,4,32,0.8929
parallel,2,57,512,4,32,0.9291
parallel,2,58,512,4,32,0.889
parallel,2,59,512,4,32,0.91
parallel,2,60,512,4,32,0.9128
parallel,2,61,512,4,32,0.8918
parallel,2,62,512,4,32,0.887
parallel,2,63,512,4,32,0.8843
parallel,2,64,512,4,32,1.0058
parallel,2,65,512,4,32,0.8894
parallel,2,66,512,4,32,0.9025
parallel,2,67,512,4,32,0.8758
parallel,2,68,512,4,32,0.8739
parallel,2,69,512,4,32,0.8761
parallel,2,70,512,4,32,0.8809
parallel,2,71,512,4,32,0.9217
parallel,2,72,512,4,32,0.9048
parallel,2,73,512,4,32,0.9024
parallel,2,74,512,4,32,0.8992
parallel,2,75,512,4,32,0.8955
parallel,2,76,512,4,32,0.8981
parallel,2,77,512,4,32,0.8888
parallel,2,78,512,4,32,0.9108
parallel,2,79,512,4,32,0.9008
parallel,2,80,512,4,32,0.9165
parallel,2,81,512,4,32,0.9115
parallel,2,82,512,4,32,0.8921
parallel,2,83,512,4,32,0.8902
parallel,2,84,512,4,32,0.8975
parallel,2,85,512,4,32,0.9583
parallel,2,86,512,4,32,0.9273
parallel,2,87,512,4,32,0.8991
parallel,2,88,512,4,32,0.8836
parallel,2,89,512,4,32,0.9556
parallel,2,90,512,4,32,0.9023
parallel,2,91,512,4,32,0.8976
parallel,2,92,512,4,32,0.9495
parallel,2,93,512,4,32,0.9103
parallel,2,94,512,4,32,0.9132
parallel,2,95,512,4,32,0.9881
parallel,2,96,512,4,32,0.9054
parallel,2,97,512,4,32,0.8866
parallel,2,98,512,4,32,0.8867
parallel,2,99,512,4,32,0.9048
parallel,2,100,512,4,32,0.884
parallel,2,101,512,4,32,0.8816
parallel,2,102,512,4,32,0.8694
parallel,2,103,512,4,32,0.8801
parallel,2,104,512,4,32,0.8903
parallel,2,105,512,4,32,0.9005
parallel,2,106,512,4,32,0.9207
parallel,2,107,512,4,32,0.9006
parallel,2,108,512,4,32,0.8817
parallel,2,109,512,4,32,0.8769
parallel,2,110,512,4,32,0.8703
parallel,2,111,512,4,32,0.8693
parallel,2,112,512,4,32,0.8899
parallel,2,113,512,4,32,0.9156
parallel,2,114,512,4,32,0.8928
parallel,2,115,512,4,32,0.8955
parallel,2,116,512,4,32,0.8827
parallel,2,117,512,4,32,1.2158
parallel,2,118,512,4,32,0.9666
parallel,2,119,512,4,32,0.9075
parallel,2,120,512,4,32,0.9112
parallel,2,121,512,4,32,0.8987
parallel,2,122,512,4,32,0.9295
parallel,2,123,512,4,32,0.9002
parallel,2,124,512,4,32,0.9008
parallel,2,125,512,4,32,0.8972
parallel,2,126,512,4,32,0.8849
parallel,2,127,512,4,32,0.8939
parallel,2,128,512,4,32,0.8898
parallel,2,129,512,4,32,0.9014
parallel,2,130,512,4,32,0.8806
parallel,2,131,512,4,32,0.879
parallel,2,132,512,4,32,0.8843
parallel,2,133,512,4,32,0.8732
parallel,2,134,512,4,32,0.9107
parallel,2,135,512,4,32,0.8935
parallel,2,136,512,4,32,0.8952
parallel,2,137,512,4,32,0.8863
parallel,2,138,512,4,32,0.8881
parallel,2,139,512,4,32,0.8801
parallel,2,140,512,4,32,0.8919
parallel,2,141,512,4,32,0.9314
parallel,2,142,512,4,32,0.9206
parallel,2,143,512,4,32,0.9047
parallel,2,144,512,4,32,0.8884
parallel,2,145,512,4,32,0.89
parallel,2,146,512,4,32,0.8885
parallel,2,147,512,4,32,0.898
parallel,2,148,512,4,32,0.9202
parallel,2,149,512,4,32,0.912
parallel,2,150,512,4,32,0.9046
parallel,2,151,512,4,32,0.8999
parallel,2,152,512,4,32,0.8976
parallel,2,153,512,4,32,0.8896
parallel,2,154,512,4,32,0.8886
parallel,2,155,512,4,32,0.9157
parallel,2,156,512,4,32,0.9122
parallel,2,157,512,4,32,0.9063
parallel,2,158,512,4,32,0.8906
parallel,2,159,512,4,32,0.8953
parallel,2,160,512,4,32,0.8941
parallel,2,161,512,4,32,0.8928
parallel,2,162,512,4,32,0.8978
parallel,2,163,512,4,32,0.8844
parallel,2,164,512,4,32,0.8962
parallel,2,165,512,4,32,0.9058
parallel,2,166,512,4,32,0.8884
parallel,2,167,512,4,32,0.8892
parallel,2,168,512,4,32,0.8876
parallel,2,169,512,4,32,0.8831
parallel,2,170,512,4,32,1.1276
parallel,2,171,512,4,32,1.0326
parallel,2,172,512,4,32,0.9414
parallel,2,173,512,4,32,0.912
parallel,2,174,512,4,32,0.9057
parallel,2,175,512,4,32,0.9036
parallel,2,176,512,4,32,0.9318
parallel,2,177,512,4,32,0.89
parallel,2,178,512,4,32,0.8941
parallel,2,179,512,4,32,0.8806
